Age,CE,SEXE,CS1,salaire,nombre
17,C,F,3,48429,26
17,C,H,3,55863,37
17,N,F,3,51203,76
17,N,H,3,50207,78
17,C,F,4,18481,221
17,C,H,4,53525,285
17,N,F,4,18975,190
17,N,H,4,37675,316
17,C,F,5,22891,2265
17,C,H,5,22770,1989
17,N,F,5,23051,3247
17,N,H,5,22996,2480
17,C,F,6,22021,378
17,C,H,6,21324,1581
17,N,F,6,22950,220
17,N,H,6,22871,373
17,C,F,7,21990,205
17,C,H,7,20056,1378
17,N,F,7,23317,80
17,N,H,7,22651,287
20,C,F,3,27090,273
20,C,H,3,27446,498
20,N,F,3,52827,289
20,N,H,3,38881,288
20,C,F,4,22489,5685
20,C,H,4,33023,7620
20,N,F,4,22800,3041
20,N,H,4,25523,2335
20,C,F,5,23987,57794
20,C,H,5,23875,40892
20,N,F,5,24192,48821
20,N,H,5,24048,27677
20,C,F,6,24163,9785
20,C,H,6,24055,35895
20,N,F,6,24337,4215
20,N,H,6,24927,9677
20,C,F,7,24403,6377
20,C,H,7,24137,51480
20,N,F,7,25097,1970
20,N,H,7,25630,8253
25,C,F,3,38312,51150
25,C,H,3,39161,74997
25,N,F,3,43308,3695
25,N,H,3,40221,3944
25,C,F,4,30263,113743
25,C,H,4,34602,124561
25,N,F,4,28320,15167
25,N,H,4,29018,11235
25,C,F,5,25788,285235
25,C,H,5,26213,179530
25,N,F,5,24856,100240
25,N,H,5,24799,51167
25,C,F,6,23937,32272
25,C,H,6,25138,118303
25,N,F,6,23821,10846
25,N,H,6,25097,23783
25,C,F,7,26668,33097
25,C,H,7,27659,262379
25,N,F,7,26214,5743
25,N,H,7,26802,26392
30,C,F,3,48734,187200
30,C,H,3,50831,255628
30,N,F,3,48308,11688
30,N,H,3,48712,13843
30,C,F,4,34358,203005
30,C,H,4,38950,214637
30,N,F,4,32559,23127
30,N,H,4,34060,13195
30,C,F,5,28299,322882
30,C,H,5,29286,198201
30,N,F,5,25357,71080
30,N,H,5,25289,29233
30,C,F,6,24398,32101
30,C,H,6,26229,115215
30,N,F,6,23199,11483
30,N,H,6,24802,20743
30,C,F,7,28619,39626
30,C,H,7,30132,329227
30,N,F,7,27479,5829
30,N,H,7,27937,26285
35,C,F,3,57746,192425
35,C,H,3,62242,295662
35,N,F,3,51926,21380
35,N,H,3,54775,24970
35,C,F,4,36440,192413
35,C,H,4,41223,241835
35,N,F,4,35042,34558
35,N,H,4,37418,13152
35,C,F,5,29303,297706
35,C,H,5,30886,181986
35,N,F,5,26350,82645
35,N,H,5,26124,22194
35,C,F,6,24620,33395
35,C,H,6,26847,112943
35,N,F,6,23049,15229
35,N,H,6,24682,20443
35,C,F,7,29511,41236
35,C,H,7,31744,383024
35,N,F,7,28035,6900
35,N,H,7,28787,27749
40,C,F,3,64629,177659
40,C,H,3,71224,298316
40,N,F,3,55851,28626
40,N,H,3,60582,30769
40,C,F,4,38147,182928
40,C,H,4,42730,243016
40,N,F,4,36550,40196
40,N,H,4,39540,12746
40,C,F,5,30084,281628
40,C,H,5,31762,157441
40,N,F,5,27125,89269
40,N,H,5,26849,18832
40,C,F,6,24928,35362
40,C,H,6,27401,103782
40,N,F,6,22936,19697
40,N,H,6,24455,20126
40,C,F,7,30080,41926
40,C,H,7,32944,393305
40,N,F,7,28145,7195
40,N,H,7,29448,27742
45,C,F,3,69671,179418
45,C,H,3,78258,309836
45,N,F,3,61657,30710
45,N,H,3,70433,33578
45,C,F,4,39836,181597
45,C,H,4,44285,239563
45,N,F,4,38023,38606
45,N,H,4,41107,12959
45,C,F,5,30837,268788
45,C,H,5,32432,140022
45,N,F,5,27663,87920
45,N,H,5,27201,17421
45,C,F,6,25387,38629
45,C,H,6,27754,94793
45,N,F,6,22852,23902
45,N,H,6,24174,19299
45,C,F,7,30677,44268
45,C,H,7,33889,369285
45,N,F,7,28214,7364
45,N,H,7,29982,27101
50,C,F,3,74264,172260
50,C,H,3,85495,312447
50,N,F,3,67617,29233
50,N,H,3,83256,34887
50,C,F,4,40947,169612
50,C,H,4,45735,229719
50,N,F,4,38890,33147
50,N,H,4,41769,12103
50,C,F,5,31164,266570
50,C,H,5,32793,130560
50,N,F,5,27648,92099
50,N,H,5,27692,16628
50,C,F,6,25703,42618
50,C,H,6,28035,89639
50,N,F,6,22913,28262
50,N,H,6,23952,19263
50,C,F,7,30929,48520
50,C,H,7,34409,367270
50,N,F,7,28044,7745
50,N,H,7,30254,26333
55,C,F,3,75069,149405
55,C,H,3,89484,294138
55,N,F,3,70167,26003
55,N,H,3,91753,35785
55,C,F,4,41883,156227
55,C,H,4,46706,220599
55,N,F,4,39194,31611
55,N,H,4,42727,11663
55,C,F,5,31497,263758
55,C,H,5,33041,118935
55,N,F,5,27746,101250
55,N,H,5,28084,15535
55,C,F,6,25986,43882
55,C,H,6,28369,84842
55,N,F,6,23040,31235
55,N,H,6,23605,18023
55,C,F,7,30813,50428
55,C,H,7,34675,381667
55,N,F,7,27964,8492
55,N,H,7,30077,26056
60,C,F,3,75433,118480
60,C,H,3,92790,248286
60,N,F,3,71659,24635
60,N,H,3,95046,36594
60,C,F,4,43435,129531
60,C,H,4,48144,182518
60,N,F,4,40975,32192
60,N,H,4,46539,13267
60,C,F,5,32058,216466
60,C,H,5,33381,94461
60,N,F,5,28253,97815
60,N,H,5,28863,14587
60,C,F,6,26624,37285
60,C,H,6,29128,67757
60,N,F,6,23489,28580
60,N,H,6,23723,15638
60,C,F,7,31068,43686
60,C,H,7,34993,323417
60,N,F,7,28951,9615
60,N,H,7,31104,25574
65,C,F,3,83543,38814
65,C,H,3,108467,90566
65,N,F,3,76706,11675
65,N,H,3,103397,21208
65,C,F,4,47499,37948
65,C,H,4,51661,44267
65,N,F,4,45043,13768
65,N,H,4,47473,7271
65,C,F,5,33965,66772
65,C,H,5,33727,33393
65,N,F,5,29879,40378
65,N,H,5,30006,8827
65,C,F,6,27594,11020
65,C,H,6,28799,19279
65,N,F,6,24302,13336
65,N,H,6,24095,7517
65,C,F,7,32518,10877
65,C,H,7,34732,71709
65,N,F,7,29550,4022
65,N,H,7,28948,15178
80,C,F,3,82850,5496
80,C,H,3,103246,14981
80,N,F,3,68486,4046
80,N,H,3,83176,11517
80,C,F,4,45963,4160
80,C,H,4,45684,5804
80,N,F,4,37799,3270
80,N,H,4,38304,3178
80,C,F,5,33050,10175
80,C,H,5,31534,8128
80,N,F,5,28243,12113
80,N,H,5,28390,5688
80,C,F,6,27044,1421
80,C,H,6,28253,3646
80,N,F,6,24784,3601
80,N,H,6,24923,2925
80,C,F,7,31475,1090
80,C,H,7,31622,11890
80,N,F,7,25254,1433
80,N,H,7,26526,11082
